{
  "IP": "",
  "name": "PC",
  "position": [2.47, 6.81, 2.5],
  "image": {
    "width": 1920,
    "height": 1080
  },
  "calibration": {
    "distortion": false,
    "map_coord_direction": "left-handed",
    "intr_mtx": [
      [1.31557685e+03, 0.00000000e+00, 9.55257307e+02],
      [0.00000000e+00, 1.30761113e+03, 5.78633419e+02],
      [0.00000000e+00, 0.00000000e+00, 1.00000000e+00]
    ],
    "rvec": [-0.97442347, -0.77261966, -1.04814026],
    "tvec": [-7.39805732,  1.90599302,  0.65368758],
    "R_t_mat": [
      [ 0.32337603,  0.94391305, -0.06675396, -7.39805732],
      [-0.34303956,  0.18268302,  0.92138525,  1.90599302],
      [ 0.88190238, -0.27505466,  0.38287483,  0.65368758]
    ]
  },
  "visibility_polygon": [
    [ 2.0427183,  6.8612443],
    [ 3.6,5.461306],
    [20.964981,5.4613195],
    [20.964981 ,  5.935412 ],
    [30.299,5.5862951],
    [30.299,6.660],
    [20.964985 ,  6.7354523],
    [20.964987 ,  7.1587543],
    [3.6,7.1623567]
  ],

  "vanishing_point": [671, 4086]
}
