{
  "IP": "",
  "name": "HallSeg",
  "position": [29.03, 7.26, 3],
  "image": {
    "width": 720,
    "height": 576
  },
  "calibration": {
    "homography": [
      [-2.09378909e-02,  1.22833533e-01,  3.00216048e+01],
      [-6.11786959e-03,  1.76188511e-02,  2.40399125e+01],
      [-1.77836165e-04,  4.09031478e-03,  1.00000000e+00]
    ]
  },
  "visibility_polygon": [
    [29.03     ,  7.2000000],
    [29.999997 ,  9.0000002],
    [29.999997 , 13.182076 ],
    [29.00741  , 13.148196 ],
    [29.00741  , 15.599997 ],
    [27.322954 , 15.599997 ],
    [27.322954 , 13.12281  ],
    [26.399998 , 13.55033  ],
    [23.999998 , 13.55033  ],
    [26.399998 ,  8.9999982]
  ],
  "vanishing_point": [303, 2505]
}
