{
  "IP": "",
  "name": "Showroom",
  "position": [4.20, 10.52, 2.8],
  "image": {
    "width": 1280,
    "height": 720
  },
  "calibration": {
    "homography": [
      [ 2.21147785e-04, -1.12572774e-02, -4.47022096e+00],
      [-1.13146534e-02, -3.98794324e-02,  1.76477266e+01],
      [ 2.57861345e-05, -3.85541931e-03,  1.00000000e+00]
    ]
  },
  "visibility_polygon": [
    [ 4.1435615, 10.534129 ],
    [ 5.9999999,  7.2095372],
    [12.347886 ,  7.2375322],
    [12.352486 , 11.10945  ],
    [12.739939 , 11.11365  ],
    [12.724549 , 13.238957 ],
    [13.387847 , 13.224967 ],
    [13.379747 , 13.536913 ],
    [11.6947   , 13.177836 ],
    [10.862421 , 13.166236 ],
    [10.869321 , 13.517179 ],
    [ 5.9999839, 13.491449 ]
  ],
  "vanishing_point": [609, 4033]
}
