{
  "IP": "",
  "name": "PF",
  "position": [1.20, 12.60, 2.5],
  "image": {
    "width": 1920,
    "height": 1080
  },
  "calibration": {
    "distortion": false,
    "map_coord_direction": "left-handed",

    "intr_mtx": [
        [868.40505106 ,  0.0        , 876.39176391],
        [  0.0        , 705.67378163, 814.38878209],
        [  0.0        ,   0.0       ,    1.0      ]
    ],
    "rvec": [-0.71287659,  0.12022401,  0.24715509],
    "tvec": [2.36810611, -6.81340911,  9.09218372],
    "R_t_mat": [
        [ 0.96403218, -0.26460986,  0.02497153,  2.36810611],
        [ 0.18299376,  0.72894014,  0.65966624, -6.81340911],
        [-0.19275695, -0.63136985,  0.75114371,  9.09218372]
    ]
  },
  "visibility_polygon": [
    [1.2000004,12.770481],
    [0.10055701,10.8],
    [0.00,0.00],
    [1.4847613,0.00],
    [1.4847613,5.4000039],
    [1.7110517,6.3456965],
    [1.4847613,7.2095332],
    [1.4847613,12.0]
  ],
  "vanishing_point": [900, 3600]
}
