{
  "IP": "",
  "name": "HallWide",
  "position": [29.93, 12.63, 3],
  "image": {
    "width": 1280,
    "height": 720
  },
  "calibration": {
    "distortion": false,
    "map_coord_direction": "left-handed",

    "intr_mtx": [
      [620.32706322,    0.0       ,  604.43611493],
      [  0.0       ,  625.35587099,  425.5918313 ],
      [  0.0       ,    0.0       ,    1.0       ]
    ],
    "rvec": [-0.98842405,  0.36356754,  0.5436148 ],
    "tvec": [-16.30411466, -10.40912682,  25.64209522],
    "R_t_mat": [
      [  0.81004014,  -0.58459985,   0.04558492, -16.30411466],
      [  0.26538535,   0.4348266 ,   0.86052103, -10.40912682],
      [ -0.522882  ,  -0.684959  ,   0.50737124,  25.64209522]
    ]
  },
  "visibility_polygon": [
    [29.93596   , 12.632039  ],
    [23.999998  , 13.389382  ],
    [24.080468  ,  7.535235  ],
    [22.382633  ,  5.4602124 ],
    [27.322939  ,  5.4570824 ],
    [27.322944  ,  0.0682237 ],
    [30.315688  ,  0.10789712],
    [30.315688  , 11.71000712]
  ],
  "vanishing_point": [676, 2144]
}
